{
  "canisters": {
    "DeVinci_backend": {
      "main": "src/DeVinci_backend/main.mo",
      "type": "motoko"
    },
    "DeVinci_frontend": {
      "dependencies": [
        "DeVinci_backend"
      ],
      "frontend": {
        "entrypoint": "dist/index.html"
      },
      "source": [
        "dist/",
        "src/assets"
      ],
      "type": "assets"
    },
    "internet_identity": {
      "type": "custom",
      "candid": "https://github.com/dfinity/internet-identity/releases/latest/download/internet_identity.did",
      "wasm": "https://github.com/dfinity/internet-identity/releases/download/release-2023-04-12/internet_identity_dev.wasm.gz",
      "shrink": false,
      "remote": {
        "candid": "internet_identity.did",
        "id": {
          "ic": "rdmx6-jaaaa-aaaaa-aaadq-cai",
          "testing": "rdmx6-jaaaa-aaaaa-aaadq-cai",
          "development": "rdmx6-jaaaa-aaaaa-aaadq-cai"
        }
      }
    }
  },
  "defaults": {
    "build": {
      "packtool": "vessel sources",
      "args": ""
    }
  },
  "networks": {
    "development": {
      "providers": [
        "https://icp0.io"
      ],
      "type": "persistent"
    },
    "testing": {
      "providers": [
        "https://icp0.io"
      ],
      "type": "persistent"
    }
  },
  "version": 1
}